variable,count,mean,std,min,25%,50%,75%,max,original
dummy1,1000.0,-0.00023702086368805297,0.010314633617246105,-0.0383545042594519,-0.0073297982124387,-0.00031938923806505,0.006293214864728075,0.034655720074765,0.0249345355146033
dummy2,1000.0,0.0006313049239596204,0.01092783017098398,-0.0418597267099798,-0.006438260845257075,0.0002663028165059,0.00803998515543345,0.0339058773884204,-0.0047300837615402
x1,1000.0,0.08893768274013586,2.968883783848167,-9.33371437564622,-1.7850329026191742,-0.00804484118638265,1.869216594391435,28.20846219258716,28.20846219258716
x2,1000.0,0.05740385730153579,8.022719918950447,-25.38633303235308,-5.2129139889916205,0.2378453050277533,5.0358762546561024,75.0546636227854,75.0546636227854
x3,1000.0,0.1349221767604635,1.878306596749257,-5.503419553385953,-1.1067570236868765,0.08673541252410286,1.3885762310124532,17.754613325526474,17.754613325526474
